{
  "project_info": {
    "project_number": "470945659602",
    "firebase_url": "https://traffictracker-6e4eb.firebaseio.com",
    "project_id": "traffictracker-6e4eb",
    "storage_bucket": "traffictracker-6e4eb.appspot.com"
  },
  "client": [
    {
      "client_info": {
        "mobilesdk_app_id": "1:470945659602:android:3b653f88b0920350",
        "android_client_info": {
          "package_name": "com.example.ttracker"
        }
      },
      "oauth_client": [
        {
          "client_id": "470945659602-uiohdksgik072bpb5pqnp44fbppnsnee.apps.googleusercontent.com",
          "client_type": 1,
          "android_info": {
            "package_name": "com.example.ttracker",
            "certificate_hash": "2e77b09e2c09c91ce933158e329344cce7585440"
          }
        },
        {
          "client_id": "470945659602-d3nsr2dqaeautkfq6q1qogq3gan6vi6n.apps.googleusercontent.com",
          "client_type": 3
        }
      ],
      "api_key": [
        {
          "current_key": "AIzaSyDyM3-C8KQIfxs0WsFHIFvvSQKs4c8laHs"
        }
      ],
      "services": {
        "analytics_service": {
          "status": 1
        },
        "appinvite_service": {
          "status": 2,
          "other_platform_oauth_client": [
            {
              "client_id": "470945659602-d3nsr2dqaeautkfq6q1qogq3gan6vi6n.apps.googleusercontent.com",
              "client_type": 3
            }
          ]
        },
        "ads_service": {
          "status": 2
        }
      }
    }
  ],
  "configuration_version": "1"
}